question_id,annotator,rating
t3_n26t3x,annotator1,5.0
t3_n26t3x,annotator2,5.0
t3_n26t3x,annotator3,5.0
t3_n28ch5,annotator1,3.0
t3_n28ch5,annotator2,4.0
t3_n28ch5,annotator3,3.0
t3_n2ad4s,annotator1,5.0
t3_n2ad4s,annotator2,5.0
t3_n2ad4s,annotator3,5.0
t3_n2ag85,annotator1,2.0
t3_n2ag85,annotator2,2.0
t3_n2ag85,annotator3,2.0
t3_n2agq3,annotator1,5.0
t3_n2agq3,annotator2,4.0
t3_n2agq3,annotator3,4.0
t3_n2aoqp,annotator1,4.0
t3_n2aoqp,annotator2,4.0
t3_n2aoqp,annotator3,4.0
t3_n2aq30,annotator1,4.0
t3_n2aq30,annotator2,2.0
t3_n2aq30,annotator3,4.0
t3_n2awyq,annotator1,4.0
t3_n2awyq,annotator2,5.0
t3_n2awyq,annotator3,5.0
t3_n2az7m,annotator1,4.0
t3_n2az7m,annotator2,4.0
t3_n2az7m,annotator3,4.0
t3_n2bb3g,annotator1,5.0
t3_n2bb3g,annotator2,5.0
t3_n2bb3g,annotator3,4.0
t3_n2bfm2,annotator1,4.0
t3_n2bfm2,annotator2,4.0
t3_n2bfm2,annotator3,4.0
t3_n2bjwy,annotator1,4.0
t3_n2bjwy,annotator2,4.0
t3_n2bjwy,annotator3,4.0
t3_n2bkyt,annotator1,5.0
t3_n2bkyt,annotator2,5.0
t3_n2bkyt,annotator3,4.0
t3_n2bnas,annotator1,3.0
t3_n2bnas,annotator2,4.0
t3_n2bnas,annotator3,3.0
t3_n2bov1,annotator1,5.0
t3_n2bov1,annotator2,5.0
t3_n2bov1,annotator3,4.0
t3_n2brkk,annotator1,4.0
t3_n2brkk,annotator2,2.0
t3_n2brkk,annotator3,2.0
t3_n2btf2,annotator1,4.0
t3_n2btf2,annotator2,4.0
t3_n2btf2,annotator3,4.0
t3_n2bvbq,annotator1,5.0
t3_n2bvbq,annotator2,5.0
t3_n2bvbq,annotator3,4.0
t3_n2bzrj,annotator1,4.0
t3_n2bzrj,annotator2,4.0
t3_n2bzrj,annotator3,4.0
t3_n2c6zi,annotator1,5.0
t3_n2c6zi,annotator2,5.0
t3_n2c6zi,annotator3,5.0
t3_n2c9c8,annotator1,2.0
t3_n2c9c8,annotator2,2.0
t3_n2c9c8,annotator3,2.0
t3_n2c9u0,annotator1,3.0
t3_n2c9u0,annotator2,3.0
t3_n2c9u0,annotator3,3.0
t3_n2cf5x,annotator1,2.0
t3_n2cf5x,annotator2,3.0
t3_n2cf5x,annotator3,2.0
t3_n2chub,annotator1,4.0
t3_n2chub,annotator2,3.0
t3_n2chub,annotator3,3.0
t3_n3iv62,annotator1,5.0
t3_n3iv62,annotator2,4.0
t3_n3iv62,annotator3,4.0
t3_n3lvc6,annotator1,5.0
t3_n3lvc6,annotator2,5.0
t3_n3lvc6,annotator3,5.0
t3_n3nkcg,annotator1,5.0
t3_n3nkcg,annotator2,5.0
t3_n3nkcg,annotator3,4.0
t3_n3nu4x,annotator1,1.0
t3_n3nu4x,annotator2,3.0
t3_n3nu4x,annotator3,1.0
t3_n3o1cr,annotator1,1.0
t3_n3o1cr,annotator2,1.0
t3_n3o1cr,annotator3,2.0
t3_n3od43,annotator1,5.0
t3_n3od43,annotator2,5.0
t3_n3od43,annotator3,5.0
t3_n3oehi,annotator1,5.0
t3_n3oehi,annotator2,5.0
t3_n3oehi,annotator3,4.0
t3_n3oqs4,annotator1,3.0
t3_n3oqs4,annotator2,2.0
t3_n3oqs4,annotator3,1.0
t3_n3ozu0,annotator1,4.0
t3_n3ozu0,annotator2,4.0
t3_n3ozu0,annotator3,4.0
t3_n3p1b8,annotator1,1.0
t3_n3p1b8,annotator2,2.0
t3_n3p1b8,annotator3,2.0
t3_n3p9mp,annotator1,5.0
t3_n3p9mp,annotator2,5.0
t3_n3p9mp,annotator3,5.0
t3_n3pjm9,annotator1,4.0
t3_n3pjm9,annotator2,4.0
t3_n3pjm9,annotator3,4.0
t3_n3pmi7,annotator1,4.0
t3_n3pmi7,annotator2,2.0
t3_n3pmi7,annotator3,4.0
t3_n3po7o,annotator1,4.0
t3_n3po7o,annotator2,5.0
t3_n3po7o,annotator3,4.0
t3_n3px6x,annotator1,4.0
t3_n3px6x,annotator2,5.0
t3_n3px6x,annotator3,3.0
t3_n3q6f8,annotator1,2.0
t3_n3q6f8,annotator2,3.0
t3_n3q6f8,annotator3,2.0
t3_n3q6up,annotator1,3.0
t3_n3q6up,annotator2,3.0
t3_n3q6up,annotator3,4.0
t3_n3q9mr,annotator1,5.0
t3_n3q9mr,annotator2,5.0
t3_n3q9mr,annotator3,5.0
t3_n3qjws,annotator1,4.0
t3_n3qjws,annotator2,2.0
t3_n3qjws,annotator3,4.0
t3_n3qmwc,annotator1,1.0
t3_n3qmwc,annotator2,1.0
t3_n3qmwc,annotator3,3.0
t3_n3qmxx,annotator1,3.0
t3_n3qmxx,annotator2,2.0
t3_n3qmxx,annotator3,3.0
t3_n3qr0j,annotator1,3.0
t3_n3qr0j,annotator2,1.0
t3_n3qr0j,annotator3,5.0
t3_n3qtvf,annotator1,5.0
t3_n3qtvf,annotator2,4.0
t3_n3qtvf,annotator3,4.0
t3_n3r0h8,annotator1,3.0
t3_n3r0h8,annotator2,5.0
t3_n3r0h8,annotator3,4.0
t3_n4wdvn,annotator1,5.0
t3_n4wdvn,annotator2,4.0
t3_n4wdvn,annotator3,4.0
t3_n50clj,annotator1,5.0
t3_n50clj,annotator2,4.0
t3_n50clj,annotator3,4.0
t3_n50lc8,annotator1,4.0
t3_n50lc8,annotator2,4.0
t3_n50lc8,annotator3,4.0
t3_n50x5p,annotator1,5.0
t3_n50x5p,annotator2,5.0
t3_n50x5p,annotator3,5.0
t3_n50z5s,annotator1,4.0
t3_n50z5s,annotator2,4.0
t3_n50z5s,annotator3,2.0
t3_n511be,annotator1,3.0
t3_n511be,annotator2,3.0
t3_n511be,annotator3,4.0
t3_n512kh,annotator1,3.0
t3_n512kh,annotator2,3.0
t3_n512kh,annotator3,5.0
t3_n512lu,annotator1,2.0
t3_n512lu,annotator2,2.0
t3_n512lu,annotator3,3.0
t3_n513z3,annotator1,5.0
t3_n513z3,annotator2,4.0
t3_n513z3,annotator3,3.0
t3_n517oo,annotator1,4.0
t3_n517oo,annotator2,5.0
t3_n517oo,annotator3,5.0
t3_n51bw0,annotator1,1.0
t3_n51bw0,annotator2,1.0
t3_n51bw0,annotator3,1.0
t3_n51ca8,annotator1,5.0
t3_n51ca8,annotator2,4.0
t3_n51ca8,annotator3,4.0
t3_n51r7y,annotator1,3.0
t3_n51r7y,annotator2,3.0
t3_n51r7y,annotator3,3.0
t3_n51tkd,annotator1,5.0
t3_n51tkd,annotator2,5.0
t3_n51tkd,annotator3,5.0
t3_n5236m,annotator1,5.0
t3_n5236m,annotator2,5.0
t3_n5236m,annotator3,5.0
t3_n52feq,annotator1,5.0
t3_n52feq,annotator2,2.0
t3_n52feq,annotator3,4.0
t3_n52gxr,annotator1,1.0
t3_n52gxr,annotator2,1.0
t3_n52gxr,annotator3,2.0
t3_n52zh6,annotator1,1.0
t3_n52zh6,annotator2,1.0
t3_n52zh6,annotator3,1.0
t3_n536t6,annotator1,2.0
t3_n536t6,annotator2,2.0
t3_n536t6,annotator3,2.0
t3_n538ml,annotator1,4.0
t3_n538ml,annotator2,4.0
t3_n538ml,annotator3,3.0
t3_n53axs,annotator1,4.0
t3_n53axs,annotator2,4.0
t3_n53axs,annotator3,5.0
t3_n53lrg,annotator1,5.0
t3_n53lrg,annotator2,5.0
t3_n53lrg,annotator3,4.0
t3_n53ti7,annotator1,3.0
t3_n53ti7,annotator2,5.0
t3_n53ti7,annotator3,4.0
t3_n53wgo,annotator1,4.0
t3_n53wgo,annotator2,5.0
t3_n53wgo,annotator3,5.0
t3_n65qsr,annotator1,4.0
t3_n65qsr,annotator2,1.0
t3_n65qsr,annotator3,4.0
t3_n68022,annotator1,5.0
t3_n68022,annotator2,5.0
t3_n68022,annotator3,5.0
t3_n68fw7,annotator1,5.0
t3_n68fw7,annotator2,5.0
t3_n68fw7,annotator3,5.0
t3_n68itk,annotator1,5.0
t3_n68itk,annotator2,5.0
t3_n68itk,annotator3,3.0
t3_n68rbk,annotator1,3.0
t3_n68rbk,annotator2,4.0
t3_n68rbk,annotator3,3.0
t3_n68tqu,annotator1,5.0
t3_n68tqu,annotator2,5.0
t3_n68tqu,annotator3,5.0
t3_n68ygp,annotator1,5.0
t3_n68ygp,annotator2,5.0
t3_n68ygp,annotator3,3.0
t3_n69drd,annotator1,2.0
t3_n69drd,annotator2,2.0
t3_n69drd,annotator3,2.0
t3_n69lxs,annotator1,3.0
t3_n69lxs,annotator2,3.0
t3_n69lxs,annotator3,3.0
t3_n69ncs,annotator1,5.0
t3_n69ncs,annotator2,5.0
t3_n69ncs,annotator3,5.0
t3_n69vhx,annotator1,5.0
t3_n69vhx,annotator2,5.0
t3_n69vhx,annotator3,4.0
t3_n6a1bh,annotator1,4.0
t3_n6a1bh,annotator2,4.0
t3_n6a1bh,annotator3,3.0
t3_n6abh7,annotator1,5.0
t3_n6abh7,annotator2,3.0
t3_n6abh7,annotator3,4.0
t3_n6ancj,annotator1,5.0
t3_n6ancj,annotator2,5.0
t3_n6ancj,annotator3,5.0
t3_n6apku,annotator1,3.0
t3_n6apku,annotator2,4.0
t3_n6apku,annotator3,3.0
t3_n6apnw,annotator1,3.0
t3_n6apnw,annotator2,4.0
t3_n6apnw,annotator3,3.0
t3_n6ara3,annotator1,2.0
t3_n6ara3,annotator2,2.0
t3_n6ara3,annotator3,2.0
t3_n6au95,annotator1,5.0
t3_n6au95,annotator2,4.0
t3_n6au95,annotator3,4.0
t3_n6awzv,annotator1,2.0
t3_n6awzv,annotator2,3.0
t3_n6awzv,annotator3,4.0
t3_n6bamo,annotator1,5.0
t3_n6bamo,annotator2,4.0
t3_n6bamo,annotator3,4.0
t3_n6bdsb,annotator1,5.0
t3_n6bdsb,annotator2,4.0
t3_n6bdsb,annotator3,4.0
t3_n6bk51,annotator1,5.0
t3_n6bk51,annotator2,5.0
t3_n6bk51,annotator3,5.0
t3_n6bl4d,annotator1,4.0
t3_n6bl4d,annotator2,5.0
t3_n6bl4d,annotator3,4.0
t3_n6bvfm,annotator1,5.0
t3_n6bvfm,annotator2,4.0
t3_n6bvfm,annotator3,4.0
t3_n7cx10,annotator1,2.0
t3_n7cx10,annotator2,1.0
t3_n7cx10,annotator3,2.0
t3_n7g1wp,annotator1,3.0
t3_n7g1wp,annotator2,4.0
t3_n7g1wp,annotator3,4.0
t3_n7g2z9,annotator1,5.0
t3_n7g2z9,annotator2,5.0
t3_n7g2z9,annotator3,5.0
t3_n7ga3m,annotator1,4.0
t3_n7ga3m,annotator2,4.0
t3_n7ga3m,annotator3,5.0
t3_n7ge3k,annotator1,5.0
t3_n7ge3k,annotator2,4.0
t3_n7ge3k,annotator3,5.0
t3_n7ge69,annotator1,5.0
t3_n7ge69,annotator2,4.0
t3_n7ge69,annotator3,5.0
t3_n7gr51,annotator1,2.0
t3_n7gr51,annotator2,2.0
t3_n7gr51,annotator3,2.0
t3_n7hdgy,annotator1,2.0
t3_n7hdgy,annotator2,2.0
t3_n7hdgy,annotator3,2.0
t3_n7hnmd,annotator1,4.0
t3_n7hnmd,annotator2,4.0
t3_n7hnmd,annotator3,3.0
t3_n7hogh,annotator1,5.0
t3_n7hogh,annotator2,4.0
t3_n7hogh,annotator3,4.0
t3_n7htv9,annotator1,5.0
t3_n7htv9,annotator2,5.0
t3_n7htv9,annotator3,5.0
t3_n7hu7h,annotator1,5.0
t3_n7hu7h,annotator2,5.0
t3_n7hu7h,annotator3,5.0
t3_n7hzhv,annotator1,3.0
t3_n7hzhv,annotator2,3.0
t3_n7hzhv,annotator3,3.0
t3_n7i0cz,annotator1,2.0
t3_n7i0cz,annotator2,2.0
t3_n7i0cz,annotator3,3.0
t3_n7ibs2,annotator1,4.0
t3_n7ibs2,annotator2,2.0
t3_n7ibs2,annotator3,4.0
t3_n7ide1,annotator1,5.0
t3_n7ide1,annotator2,5.0
t3_n7ide1,annotator3,4.0
t3_n7ink1,annotator1,4.0
t3_n7ink1,annotator2,4.0
t3_n7ink1,annotator3,4.0
t3_n7iuwd,annotator1,3.0
t3_n7iuwd,annotator2,5.0
t3_n7iuwd,annotator3,3.0
t3_n7ivi1,annotator1,5.0
t3_n7ivi1,annotator2,5.0
t3_n7ivi1,annotator3,4.0
t3_n7iy5m,annotator1,4.0
t3_n7iy5m,annotator2,5.0
t3_n7iy5m,annotator3,5.0
t3_n7j22h,annotator1,5.0
t3_n7j22h,annotator2,4.0
t3_n7j22h,annotator3,5.0
t3_n7j7y4,annotator1,5.0
t3_n7j7y4,annotator2,5.0
t3_n7j7y4,annotator3,5.0
t3_n7jco0,annotator1,5.0
t3_n7jco0,annotator2,5.0
t3_n7jco0,annotator3,5.0
t3_n7jhix,annotator1,5.0
t3_n7jhix,annotator2,5.0
t3_n7jhix,annotator3,4.0
t3_n8ke7k,annotator1,3.0
t3_n8ke7k,annotator2,3.0
t3_n8ke7k,annotator3,3.0
t3_n8p2v6,annotator1,5.0
t3_n8p2v6,annotator2,5.0
t3_n8p2v6,annotator3,5.0
t3_n8pcgk,annotator1,2.0
t3_n8pcgk,annotator2,3.0
t3_n8pcgk,annotator3,2.0
t3_n8pg87,annotator1,5.0
t3_n8pg87,annotator2,4.0
t3_n8pg87,annotator3,4.0
t3_n8pgna,annotator1,5.0
t3_n8pgna,annotator2,5.0
t3_n8pgna,annotator3,4.0
t3_n8piee,annotator1,2.0
t3_n8piee,annotator2,1.0
t3_n8piee,annotator3,2.0
t3_n8pjdu,annotator1,5.0
t3_n8pjdu,annotator2,5.0
t3_n8pjdu,annotator3,5.0
t3_n8pji5,annotator1,3.0
t3_n8pji5,annotator2,2.0
t3_n8pji5,annotator3,3.0
t3_n8pnkd,annotator1,5.0
t3_n8pnkd,annotator2,5.0
t3_n8pnkd,annotator3,5.0
t3_n8ps4q,annotator1,4.0
t3_n8ps4q,annotator2,3.0
t3_n8ps4q,annotator3,3.0
t3_n8psnv,annotator1,4.0
t3_n8psnv,annotator2,5.0
t3_n8psnv,annotator3,1.0
t3_n8pv9o,annotator1,5.0
t3_n8pv9o,annotator2,4.0
t3_n8pv9o,annotator3,4.0
t3_n8q1k7,annotator1,5.0
t3_n8q1k7,annotator2,4.0
t3_n8q1k7,annotator3,4.0
t3_n8q1on,annotator1,5.0
t3_n8q1on,annotator2,5.0
t3_n8q1on,annotator3,5.0
t3_n8q2hv,annotator1,4.0
t3_n8q2hv,annotator2,5.0
t3_n8q2hv,annotator3,4.0
t3_n8q30o,annotator1,5.0
t3_n8q30o,annotator2,5.0
t3_n8q30o,annotator3,5.0
t3_n8qc8p,annotator1,5.0
t3_n8qc8p,annotator2,5.0
t3_n8qc8p,annotator3,5.0
t3_n8qcjo,annotator1,5.0
t3_n8qcjo,annotator2,5.0
t3_n8qcjo,annotator3,5.0
t3_n8qqnz,annotator1,4.0
t3_n8qqnz,annotator2,5.0
t3_n8qqnz,annotator3,4.0
t3_n8r6n6,annotator1,3.0
t3_n8r6n6,annotator2,3.0
t3_n8r6n6,annotator3,3.0
t3_n8rgxy,annotator1,5.0
t3_n8rgxy,annotator2,5.0
t3_n8rgxy,annotator3,5.0
t3_n8rhfc,annotator1,1.0
t3_n8rhfc,annotator2,1.0
t3_n8rhfc,annotator3,1.0
t3_n8ru2z,annotator1,4.0
t3_n8ru2z,annotator2,4.0
t3_n8ru2z,annotator3,3.0
t3_n8s2mp,annotator1,5.0
t3_n8s2mp,annotator2,4.0
t3_n8s2mp,annotator3,4.0
t3_n9x0uy,annotator1,5.0
t3_n9x0uy,annotator2,5.0
t3_n9x0uy,annotator3,5.0
t3_n9z6af,annotator1,4.0
t3_n9z6af,annotator2,4.0
t3_n9z6af,annotator3,4.0
t3_n9z862,annotator1,5.0
t3_n9z862,annotator2,5.0
t3_n9z862,annotator3,5.0
t3_n9zpwh,annotator1,5.0
t3_n9zpwh,annotator2,2.0
t3_n9zpwh,annotator3,3.0
t3_na0e43,annotator1,5.0
t3_na0e43,annotator2,4.0
t3_na0e43,annotator3,4.0
t3_na0lni,annotator1,4.0
t3_na0lni,annotator2,5.0
t3_na0lni,annotator3,4.0
t3_na0md5,annotator1,5.0
t3_na0md5,annotator2,4.0
t3_na0md5,annotator3,4.0
t3_na0qwv,annotator1,5.0
t3_na0qwv,annotator2,5.0
t3_na0qwv,annotator3,4.0
t3_na0szl,annotator1,3.0
t3_na0szl,annotator2,5.0
t3_na0szl,annotator3,4.0
t3_na0thg,annotator1,4.0
t3_na0thg,annotator2,5.0
t3_na0thg,annotator3,4.0
t3_na11z1,annotator1,5.0
t3_na11z1,annotator2,4.0
t3_na11z1,annotator3,4.0
t3_na14nx,annotator1,1.0
t3_na14nx,annotator2,2.0
t3_na14nx,annotator3,3.0
t3_na1p8k,annotator1,3.0
t3_na1p8k,annotator2,2.0
t3_na1p8k,annotator3,2.0
t3_na1uc1,annotator1,4.0
t3_na1uc1,annotator2,2.0
t3_na1uc1,annotator3,2.0
t3_na1w8d,annotator1,5.0
t3_na1w8d,annotator2,5.0
t3_na1w8d,annotator3,5.0
t3_na1wa6,annotator1,2.0
t3_na1wa6,annotator2,2.0
t3_na1wa6,annotator3,2.0
t3_na25oc,annotator1,3.0
t3_na25oc,annotator2,5.0
t3_na25oc,annotator3,4.0
t3_na269m,annotator1,2.0
t3_na269m,annotator2,2.0
t3_na269m,annotator3,2.0
t3_na2ikm,annotator1,2.0
t3_na2ikm,annotator2,2.0
t3_na2ikm,annotator3,2.0
t3_na2izh,annotator1,5.0
t3_na2izh,annotator2,2.0
t3_na2izh,annotator3,5.0
t3_na2jn3,annotator1,5.0
t3_na2jn3,annotator2,5.0
t3_na2jn3,annotator3,5.0
t3_na2kew,annotator1,3.0
t3_na2kew,annotator2,3.0
t3_na2kew,annotator3,3.0
t3_na2su0,annotator1,5.0
t3_na2su0,annotator2,5.0
t3_na2su0,annotator3,4.0
t3_na30d3,annotator1,4.0
t3_na30d3,annotator2,3.0
t3_na30d3,annotator3,4.0
t3_nb3inw,annotator1,4.0
t3_nb3inw,annotator2,3.0
t3_nb3inw,annotator3,3.0
t3_nb683t,annotator1,5.0
t3_nb683t,annotator2,5.0
t3_nb683t,annotator3,4.0
t3_nb6zev,annotator1,3.0
t3_nb6zev,annotator2,4.0
t3_nb6zev,annotator3,4.0
t3_nb76eq,annotator1,4.0
t3_nb76eq,annotator2,4.0
t3_nb76eq,annotator3,4.0
t3_nb7aim,annotator1,4.0
t3_nb7aim,annotator2,4.0
t3_nb7aim,annotator3,3.0
t3_nb7c8d,annotator1,4.0
t3_nb7c8d,annotator2,5.0
t3_nb7c8d,annotator3,5.0
t3_nb7d6q,annotator1,5.0
t3_nb7d6q,annotator2,4.0
t3_nb7d6q,annotator3,4.0
t3_nb7qx5,annotator1,5.0
t3_nb7qx5,annotator2,5.0
t3_nb7qx5,annotator3,5.0
t3_nb7xob,annotator1,1.0
t3_nb7xob,annotator2,1.0
t3_nb7xob,annotator3,1.0
t3_nb89sz,annotator1,3.0
t3_nb89sz,annotator2,4.0
t3_nb89sz,annotator3,3.0
t3_nb8nwn,annotator1,5.0
t3_nb8nwn,annotator2,5.0
t3_nb8nwn,annotator3,4.0
t3_nb8qov,annotator1,5.0
t3_nb8qov,annotator2,4.0
t3_nb8qov,annotator3,4.0
t3_nb8xns,annotator1,4.0
t3_nb8xns,annotator2,4.0
t3_nb8xns,annotator3,4.0
t3_nb8xy7,annotator1,1.0
t3_nb8xy7,annotator2,1.0
t3_nb8xy7,annotator3,1.0
t3_nb93ff,annotator1,5.0
t3_nb93ff,annotator2,5.0
t3_nb93ff,annotator3,5.0
t3_nb9q2k,annotator1,4.0
t3_nb9q2k,annotator2,4.0
t3_nb9q2k,annotator3,5.0
t3_nbaexa,annotator1,4.0
t3_nbaexa,annotator2,4.0
t3_nbaexa,annotator3,4.0
t3_nbahzi,annotator1,5.0
t3_nbahzi,annotator2,4.0
t3_nbahzi,annotator3,4.0
t3_nbak11,annotator1,5.0
t3_nbak11,annotator2,4.0
t3_nbak11,annotator3,4.0
t3_nbakbg,annotator1,5.0
t3_nbakbg,annotator2,5.0
t3_nbakbg,annotator3,4.0
t3_nbarqd,annotator1,5.0
t3_nbarqd,annotator2,5.0
t3_nbarqd,annotator3,4.0
t3_nbayh8,annotator1,1.0
t3_nbayh8,annotator2,3.0
t3_nbayh8,annotator3,2.0
t3_nbb2l6,annotator1,4.0
t3_nbb2l6,annotator2,5.0
t3_nbb2l6,annotator3,5.0
t3_nbbc8c,annotator1,2.0
t3_nbbc8c,annotator2,4.0
t3_nbbc8c,annotator3,4.0
t3_ncen0b,annotator1,5.0
t3_ncen0b,annotator2,5.0
t3_ncen0b,annotator3,5.0
t3_ncj64i,annotator1,5.0
t3_ncj64i,annotator2,4.0
t3_ncj64i,annotator3,4.0
t3_nckh9z,annotator1,4.0
t3_nckh9z,annotator2,4.0
t3_nckh9z,annotator3,4.0
t3_nckwj1,annotator1,2.0
t3_nckwj1,annotator2,3.0
t3_nckwj1,annotator3,2.0
t3_ncl1n9,annotator1,5.0
t3_ncl1n9,annotator2,4.0
t3_ncl1n9,annotator3,5.0
t3_nclaiy,annotator1,4.0
t3_nclaiy,annotator2,5.0
t3_nclaiy,annotator3,5.0
t3_nclmjh,annotator1,4.0
t3_nclmjh,annotator2,5.0
t3_nclmjh,annotator3,4.0
t3_nclr4t,annotator1,5.0
t3_nclr4t,annotator2,5.0
t3_nclr4t,annotator3,4.0
t3_nclrel,annotator1,4.0
t3_nclrel,annotator2,2.0
t3_nclrel,annotator3,4.0
t3_nclshj,annotator1,4.0
t3_nclshj,annotator2,5.0
t3_nclshj,annotator3,5.0
t3_nclt6w,annotator1,4.0
t3_nclt6w,annotator2,4.0
t3_nclt6w,annotator3,3.0
t3_nclu94,annotator1,4.0
t3_nclu94,annotator2,5.0
t3_nclu94,annotator3,4.0
t3_ncm4vz,annotator1,4.0
t3_ncm4vz,annotator2,5.0
t3_ncm4vz,annotator3,4.0
t3_ncmfpt,annotator1,4.0
t3_ncmfpt,annotator2,5.0
t3_ncmfpt,annotator3,4.0
t3_ncmvj1,annotator1,4.0
t3_ncmvj1,annotator2,4.0
t3_ncmvj1,annotator3,4.0
t3_ncnb97,annotator1,4.0
t3_ncnb97,annotator2,3.0
t3_ncnb97,annotator3,3.0
t3_ncnexd,annotator1,4.0
t3_ncnexd,annotator2,5.0
t3_ncnexd,annotator3,3.0
t3_ncnuee,annotator1,5.0
t3_ncnuee,annotator2,5.0
t3_ncnuee,annotator3,5.0
t3_ncohad,annotator1,5.0
t3_ncohad,annotator2,3.0
t3_ncohad,annotator3,5.0
t3_ncoj0m,annotator1,4.0
t3_ncoj0m,annotator2,4.0
t3_ncoj0m,annotator3,4.0
t3_ncokm4,annotator1,4.0
t3_ncokm4,annotator2,3.0
t3_ncokm4,annotator3,4.0
t3_ncooa1,annotator1,4.0
t3_ncooa1,annotator2,2.0
t3_ncooa1,annotator3,4.0
t3_ncos15,annotator1,5.0
t3_ncos15,annotator2,5.0
t3_ncos15,annotator3,5.0
t3_ncouc4,annotator1,3.0
t3_ncouc4,annotator2,4.0
t3_ncouc4,annotator3,4.0
t3_ndq3al,annotator1,4.0
t3_ndq3al,annotator2,4.0
t3_ndq3al,annotator3,4.0
t3_ndsuol,annotator1,3.0
t3_ndsuol,annotator2,1.0
t3_ndsuol,annotator3,3.0
t3_ndt6x9,annotator1,5.0
t3_ndt6x9,annotator2,5.0
t3_ndt6x9,annotator3,4.0
t3_ndt829,annotator1,5.0
t3_ndt829,annotator2,5.0
t3_ndt829,annotator3,4.0
t3_ndtdu9,annotator1,5.0
t3_ndtdu9,annotator2,4.0
t3_ndtdu9,annotator3,4.0
t3_ndtfyp,annotator1,4.0
t3_ndtfyp,annotator2,5.0
t3_ndtfyp,annotator3,5.0
t3_ndtkhz,annotator1,5.0
t3_ndtkhz,annotator2,5.0
t3_ndtkhz,annotator3,5.0
t3_ndtpg3,annotator1,5.0
t3_ndtpg3,annotator2,5.0
t3_ndtpg3,annotator3,4.0
t3_ndtwvr,annotator1,5.0
t3_ndtwvr,annotator2,5.0
t3_ndtwvr,annotator3,4.0
t3_ndu6v5,annotator1,2.0
t3_ndu6v5,annotator2,2.0
t3_ndu6v5,annotator3,2.0
t3_nduemy,annotator1,5.0
t3_nduemy,annotator2,4.0
t3_nduemy,annotator3,4.0
t3_nduhgk,annotator1,3.0
t3_nduhgk,annotator2,4.0
t3_nduhgk,annotator3,4.0
t3_nduo2j,annotator1,5.0
t3_nduo2j,annotator2,5.0
t3_nduo2j,annotator3,5.0
t3_nduove,annotator1,3.0
t3_nduove,annotator2,3.0
t3_nduove,annotator3,3.0
t3_nduplf,annotator1,5.0
t3_nduplf,annotator2,4.0
t3_nduplf,annotator3,4.0
t3_ndut74,annotator1,5.0
t3_ndut74,annotator2,5.0
t3_ndut74,annotator3,4.0
t3_nduvh9,annotator1,5.0
t3_nduvh9,annotator2,5.0
t3_nduvh9,annotator3,4.0
t3_ndviqt,annotator1,4.0
t3_ndviqt,annotator2,4.0
t3_ndviqt,annotator3,5.0
t3_ndvlnj,annotator1,5.0
t3_ndvlnj,annotator2,4.0
t3_ndvlnj,annotator3,4.0
t3_ndvmlu,annotator1,5.0
t3_ndvmlu,annotator2,5.0
t3_ndvmlu,annotator3,4.0
t3_ndvnzn,annotator1,4.0
t3_ndvnzn,annotator2,4.0
t3_ndvnzn,annotator3,3.0
t3_ndvtf0,annotator1,4.0
t3_ndvtf0,annotator2,4.0
t3_ndvtf0,annotator3,4.0
t3_ndwccz,annotator1,4.0
t3_ndwccz,annotator2,3.0
t3_ndwccz,annotator3,5.0
t3_ndwhl7,annotator1,3.0
t3_ndwhl7,annotator2,3.0
t3_ndwhl7,annotator3,3.0
t3_nf368t,annotator1,5.0
t3_nf368t,annotator2,3.0
t3_nf368t,annotator3,5.0
t3_nf7tkq,annotator1,1.0
t3_nf7tkq,annotator2,1.0
t3_nf7tkq,annotator3,1.0
t3_nf7yi0,annotator1,1.0
t3_nf7yi0,annotator2,2.0
t3_nf7yi0,annotator3,2.0
t3_nf8h4p,annotator1,4.0
t3_nf8h4p,annotator2,4.0
t3_nf8h4p,annotator3,4.0
t3_nf8h62,annotator1,5.0
t3_nf8h62,annotator2,4.0
t3_nf8h62,annotator3,4.0
t3_nf8xzj,annotator1,3.0
t3_nf8xzj,annotator2,2.0
t3_nf8xzj,annotator3,3.0
t3_nf93i7,annotator1,5.0
t3_nf93i7,annotator2,4.0
t3_nf93i7,annotator3,1.0
t3_nf98bo,annotator1,5.0
t3_nf98bo,annotator2,5.0
t3_nf98bo,annotator3,4.0
t3_nf9c3h,annotator1,5.0
t3_nf9c3h,annotator2,5.0
t3_nf9c3h,annotator3,5.0
t3_nf9e8c,annotator1,4.0
t3_nf9e8c,annotator2,5.0
t3_nf9e8c,annotator3,5.0
t3_nf9ej4,annotator1,5.0
t3_nf9ej4,annotator2,4.0
t3_nf9ej4,annotator3,4.0
t3_nf9hsk,annotator1,5.0
t3_nf9hsk,annotator2,2.0
t3_nf9hsk,annotator3,4.0
t3_nf9ii7,annotator1,5.0
t3_nf9ii7,annotator2,5.0
t3_nf9ii7,annotator3,4.0
t3_nf9lkh,annotator1,3.0
t3_nf9lkh,annotator2,5.0
t3_nf9lkh,annotator3,5.0
t3_nf9wwi,annotator1,5.0
t3_nf9wwi,annotator2,5.0
t3_nf9wwi,annotator3,4.0
t3_nf9yl2,annotator1,3.0
t3_nf9yl2,annotator2,3.0
t3_nf9yl2,annotator3,3.0
t3_nf9zn6,annotator1,5.0
t3_nf9zn6,annotator2,3.0
t3_nf9zn6,annotator3,3.0
t3_nfa6h6,annotator1,4.0
t3_nfa6h6,annotator2,5.0
t3_nfa6h6,annotator3,3.0
t3_nfabcx,annotator1,4.0
t3_nfabcx,annotator2,1.0
t3_nfabcx,annotator3,2.0
t3_nfacjk,annotator1,2.0
t3_nfacjk,annotator2,3.0
t3_nfacjk,annotator3,2.0
t3_nfajw5,annotator1,2.0
t3_nfajw5,annotator2,3.0
t3_nfajw5,annotator3,2.0
t3_nfanva,annotator1,4.0
t3_nfanva,annotator2,4.0
t3_nfanva,annotator3,4.0
t3_nfaud9,annotator1,4.0
t3_nfaud9,annotator2,5.0
t3_nfaud9,annotator3,5.0
t3_nfbcaa,annotator1,4.0
t3_nfbcaa,annotator2,5.0
t3_nfbcaa,annotator3,3.0
t3_nglhdv,annotator1,5.0
t3_nglhdv,annotator2,4.0
t3_nglhdv,annotator3,3.0
t3_ngozkv,annotator1,4.0
t3_ngozkv,annotator2,3.0
t3_ngozkv,annotator3,3.0
t3_ngp7fa,annotator1,1.0
t3_ngp7fa,annotator2,1.0
t3_ngp7fa,annotator3,2.0
t3_ngpa36,annotator1,3.0
t3_ngpa36,annotator2,3.0
t3_ngpa36,annotator3,3.0
t3_ngpnv9,annotator1,3.0
t3_ngpnv9,annotator2,3.0
t3_ngpnv9,annotator3,3.0
t3_ngpod1,annotator1,5.0
t3_ngpod1,annotator2,5.0
t3_ngpod1,annotator3,5.0
t3_ngpzcu,annotator1,5.0
t3_ngpzcu,annotator2,5.0
t3_ngpzcu,annotator3,5.0
t3_ngqjiy,annotator1,4.0
t3_ngqjiy,annotator2,3.0
t3_ngqjiy,annotator3,4.0
t3_ngr08n,annotator1,4.0
t3_ngr08n,annotator2,5.0
t3_ngr08n,annotator3,3.0
t3_ngr190,annotator1,3.0
t3_ngr190,annotator2,3.0
t3_ngr190,annotator3,1.0
t3_ngr3nn,annotator1,5.0
t3_ngr3nn,annotator2,2.0
t3_ngr3nn,annotator3,4.0
t3_ngr5w8,annotator1,1.0
t3_ngr5w8,annotator2,1.0
t3_ngr5w8,annotator3,3.0
t3_ngr6cs,annotator1,1.0
t3_ngr6cs,annotator2,3.0
t3_ngr6cs,annotator3,2.0
t3_ngr6d2,annotator1,1.0
t3_ngr6d2,annotator2,1.0
t3_ngr6d2,annotator3,1.0
t3_ngrcbm,annotator1,3.0
t3_ngrcbm,annotator2,4.0
t3_ngrcbm,annotator3,4.0
t3_ngrm1y,annotator1,2.0
t3_ngrm1y,annotator2,1.0
t3_ngrm1y,annotator3,2.0
t3_ngrslm,annotator1,4.0
t3_ngrslm,annotator2,4.0
t3_ngrslm,annotator3,3.0
t3_ngs3dw,annotator1,4.0
t3_ngs3dw,annotator2,5.0
t3_ngs3dw,annotator3,4.0
t3_ngs8k4,annotator1,3.0
t3_ngs8k4,annotator2,3.0
t3_ngs8k4,annotator3,2.0
t3_ngsa13,annotator1,5.0
t3_ngsa13,annotator2,5.0
t3_ngsa13,annotator3,4.0
t3_ngsb9l,annotator1,4.0
t3_ngsb9l,annotator2,2.0
t3_ngsb9l,annotator3,4.0
t3_ngsl14,annotator1,5.0
t3_ngsl14,annotator2,1.0
t3_ngsl14,annotator3,3.0
t3_ngst7j,annotator1,2.0
t3_ngst7j,annotator2,5.0
t3_ngst7j,annotator3,3.0
t3_ngsueh,annotator1,4.0
t3_ngsueh,annotator2,4.0
t3_ngsueh,annotator3,3.0
t3_nhw51x,annotator1,5.0
t3_nhw51x,annotator2,5.0
t3_nhw51x,annotator3,5.0
t3_ni07nx,annotator1,2.0
t3_ni07nx,annotator2,4.0
t3_ni07nx,annotator3,2.0
t3_ni0hm1,annotator1,4.0
t3_ni0hm1,annotator2,5.0
t3_ni0hm1,annotator3,3.0
t3_ni0how,annotator1,5.0
t3_ni0how,annotator2,5.0
t3_ni0how,annotator3,4.0
t3_ni0kag,annotator1,3.0
t3_ni0kag,annotator2,2.0
t3_ni0kag,annotator3,3.0
t3_ni0kru,annotator1,5.0
t3_ni0kru,annotator2,5.0
t3_ni0kru,annotator3,5.0
t3_ni0nrx,annotator1,4.0
t3_ni0nrx,annotator2,5.0
t3_ni0nrx,annotator3,5.0
t3_ni171e,annotator1,3.0
t3_ni171e,annotator2,3.0
t3_ni171e,annotator3,2.0
t3_ni1979,annotator1,3.0
t3_ni1979,annotator2,5.0
t3_ni1979,annotator3,1.0
t3_ni1aki,annotator1,4.0
t3_ni1aki,annotator2,5.0
t3_ni1aki,annotator3,4.0
t3_ni1vjq,annotator1,1.0
t3_ni1vjq,annotator2,1.0
t3_ni1vjq,annotator3,2.0
t3_ni2fts,annotator1,4.0
t3_ni2fts,annotator2,5.0
t3_ni2fts,annotator3,4.0
t3_ni2q4c,annotator1,2.0
t3_ni2q4c,annotator2,3.0
t3_ni2q4c,annotator3,2.0
t3_ni2vyp,annotator1,4.0
t3_ni2vyp,annotator2,5.0
t3_ni2vyp,annotator3,4.0
t3_ni2z3g,annotator1,5.0
t3_ni2z3g,annotator2,5.0
t3_ni2z3g,annotator3,4.0
t3_ni302w,annotator1,3.0
t3_ni302w,annotator2,3.0
t3_ni302w,annotator3,3.0
t3_ni3a5y,annotator1,5.0
t3_ni3a5y,annotator2,5.0
t3_ni3a5y,annotator3,5.0
t3_ni3b8h,annotator1,5.0
t3_ni3b8h,annotator2,5.0
t3_ni3b8h,annotator3,4.0
t3_ni3bfd,annotator1,3.0
t3_ni3bfd,annotator2,5.0
t3_ni3bfd,annotator3,3.0
t3_ni3hei,annotator1,4.0
t3_ni3hei,annotator2,5.0
t3_ni3hei,annotator3,4.0
t3_ni3nsr,annotator1,4.0
t3_ni3nsr,annotator2,3.0
t3_ni3nsr,annotator3,3.0
t3_ni3pcb,annotator1,3.0
t3_ni3pcb,annotator2,1.0
t3_ni3pcb,annotator3,3.0
t3_ni3vfw,annotator1,4.0
t3_ni3vfw,annotator2,4.0
t3_ni3vfw,annotator3,5.0
t3_ni3xuv,annotator1,5.0
t3_ni3xuv,annotator2,3.0
t3_ni3xuv,annotator3,4.0
t3_nj6uci,annotator1,5.0
t3_nj6uci,annotator2,4.0
t3_nj6uci,annotator3,5.0
t3_njbqem,annotator1,4.0
t3_njbqem,annotator2,5.0
t3_njbqem,annotator3,4.0
t3_njceew,annotator1,5.0
t3_njceew,annotator2,5.0
t3_njceew,annotator3,4.0
t3_njceps,annotator1,2.0
t3_njceps,annotator2,2.0
t3_njceps,annotator3,2.0
t3_njcik5,annotator1,5.0
t3_njcik5,annotator2,5.0
t3_njcik5,annotator3,4.0
t3_njcqyp,annotator1,5.0
t3_njcqyp,annotator2,4.0
t3_njcqyp,annotator3,5.0
t3_njcyyb,annotator1,2.0
t3_njcyyb,annotator2,5.0
t3_njcyyb,annotator3,5.0
t3_njd2d3,annotator1,5.0
t3_njd2d3,annotator2,5.0
t3_njd2d3,annotator3,4.0
t3_njd7w2,annotator1,5.0
t3_njd7w2,annotator2,5.0
t3_njd7w2,annotator3,5.0
t3_njdded,annotator1,5.0
t3_njdded,annotator2,5.0
t3_njdded,annotator3,4.0
t3_njded0,annotator1,3.0
t3_njded0,annotator2,4.0
t3_njded0,annotator3,4.0
t3_njdgz1,annotator1,4.0
t3_njdgz1,annotator2,5.0
t3_njdgz1,annotator3,5.0
t3_njdje2,annotator1,4.0
t3_njdje2,annotator2,1.0
t3_njdje2,annotator3,1.0
t3_njdnnw,annotator1,5.0
t3_njdnnw,annotator2,5.0
t3_njdnnw,annotator3,4.0
t3_njds3y,annotator1,3.0
t3_njds3y,annotator2,3.0
t3_njds3y,annotator3,5.0
t3_nje3dg,annotator1,5.0
t3_nje3dg,annotator2,5.0
t3_nje3dg,annotator3,5.0
t3_nje6hn,annotator1,3.0
t3_nje6hn,annotator2,4.0
t3_nje6hn,annotator3,3.0
t3_nje7qb,annotator1,4.0
t3_nje7qb,annotator2,5.0
t3_nje7qb,annotator3,4.0
t3_nje8yg,annotator1,3.0
t3_nje8yg,annotator2,3.0
t3_nje8yg,annotator3,3.0
t3_njeaub,annotator1,3.0
t3_njeaub,annotator2,2.0
t3_njeaub,annotator3,4.0
t3_njed3m,annotator1,3.0
t3_njed3m,annotator2,3.0
t3_njed3m,annotator3,3.0
t3_njeic5,annotator1,2.0
t3_njeic5,annotator2,1.0
t3_njeic5,annotator3,2.0
t3_njeokd,annotator1,3.0
t3_njeokd,annotator2,1.0
t3_njeokd,annotator3,1.0
t3_njep17,annotator1,2.0
t3_njep17,annotator2,2.0
t3_njep17,annotator3,2.0
t3_nkfwkl,annotator1,4.0
t3_nkfwkl,annotator2,5.0
t3_nkfwkl,annotator3,4.0
t3_nkki4f,annotator1,5.0
t3_nkki4f,annotator2,5.0
t3_nkki4f,annotator3,3.0
t3_nkkigi,annotator1,3.0
t3_nkkigi,annotator2,5.0
t3_nkkigi,annotator3,5.0
t3_nkkj5d,annotator1,4.0
t3_nkkj5d,annotator2,5.0
t3_nkkj5d,annotator3,5.0
t3_nkkmw8,annotator1,5.0
t3_nkkmw8,annotator2,5.0
t3_nkkmw8,annotator3,4.0
t3_nkkum1,annotator1,5.0
t3_nkkum1,annotator2,5.0
t3_nkkum1,annotator3,5.0
t3_nkl3x9,annotator1,1.0
t3_nkl3x9,annotator2,2.0
t3_nkl3x9,annotator3,1.0
t3_nkl9c5,annotator1,4.0
t3_nkl9c5,annotator2,4.0
t3_nkl9c5,annotator3,5.0
t3_nklcnp,annotator1,3.0
t3_nklcnp,annotator2,4.0
t3_nklcnp,annotator3,3.0
t3_nklcy0,annotator1,4.0
t3_nklcy0,annotator2,4.0
t3_nklcy0,annotator3,4.0
t3_nklnfv,annotator1,3.0
t3_nklnfv,annotator2,4.0
t3_nklnfv,annotator3,4.0
t3_nklx07,annotator1,3.0
t3_nklx07,annotator2,2.0
t3_nklx07,annotator3,3.0
t3_nkm6mr,annotator1,1.0
t3_nkm6mr,annotator2,2.0
t3_nkm6mr,annotator3,1.0
t3_nkmhkc,annotator1,4.0
t3_nkmhkc,annotator2,4.0
t3_nkmhkc,annotator3,3.0
t3_nkmwjo,annotator1,5.0
t3_nkmwjo,annotator2,5.0
t3_nkmwjo,annotator3,4.0
t3_nkmx7w,annotator1,5.0
t3_nkmx7w,annotator2,1.0
t3_nkmx7w,annotator3,3.0
t3_nkn66g,annotator1,5.0
t3_nkn66g,annotator2,4.0
t3_nkn66g,annotator3,4.0
t3_nkn6x8,annotator1,5.0
t3_nkn6x8,annotator2,5.0
t3_nkn6x8,annotator3,5.0
t3_nknrmh,annotator1,3.0
t3_nknrmh,annotator2,1.0
t3_nknrmh,annotator3,4.0
t3_nkny0h,annotator1,4.0
t3_nkny0h,annotator2,4.0
t3_nkny0h,annotator3,3.0
t3_nko64y,annotator1,2.0
t3_nko64y,annotator2,3.0
t3_nko64y,annotator3,2.0
t3_nko8fo,annotator1,5.0
t3_nko8fo,annotator2,5.0
t3_nko8fo,annotator3,4.0
t3_nkoamj,annotator1,5.0
t3_nkoamj,annotator2,5.0
t3_nkoamj,annotator3,4.0
t3_nkof8b,annotator1,5.0
t3_nkof8b,annotator2,4.0
t3_nkof8b,annotator3,4.0
t3_nlqs8e,annotator1,3.0
t3_nlqs8e,annotator2,3.0
t3_nlqs8e,annotator3,2.0
t3_nluiur,annotator1,3.0
t3_nluiur,annotator2,3.0
t3_nluiur,annotator3,3.0
t3_nlumxt,annotator1,2.0
t3_nlumxt,annotator2,2.0
t3_nlumxt,annotator3,3.0
t3_nlv5m0,annotator1,5.0
t3_nlv5m0,annotator2,5.0
t3_nlv5m0,annotator3,4.0
t3_nlv7rx,annotator1,4.0
t3_nlv7rx,annotator2,5.0
t3_nlv7rx,annotator3,5.0
t3_nlvryp,annotator1,5.0
t3_nlvryp,annotator2,4.0
t3_nlvryp,annotator3,4.0
t3_nlvun5,annotator1,3.0
t3_nlvun5,annotator2,3.0
t3_nlvun5,annotator3,3.0
t3_nlvuua,annotator1,4.0
t3_nlvuua,annotator2,5.0
t3_nlvuua,annotator3,4.0
t3_nlvv8j,annotator1,5.0
t3_nlvv8j,annotator2,5.0
t3_nlvv8j,annotator3,5.0
t3_nlvy0t,annotator1,3.0
t3_nlvy0t,annotator2,5.0
t3_nlvy0t,annotator3,3.0
t3_nlw1rx,annotator1,4.0
t3_nlw1rx,annotator2,3.0
t3_nlw1rx,annotator3,3.0
t3_nlw32x,annotator1,5.0
t3_nlw32x,annotator2,5.0
t3_nlw32x,annotator3,5.0
t3_nlw8b0,annotator1,4.0
t3_nlw8b0,annotator2,4.0
t3_nlw8b0,annotator3,4.0
t3_nlwhim,annotator1,3.0
t3_nlwhim,annotator2,3.0
t3_nlwhim,annotator3,3.0
t3_nlwmcd,annotator1,5.0
t3_nlwmcd,annotator2,5.0
t3_nlwmcd,annotator3,5.0
t3_nlwv75,annotator1,4.0
t3_nlwv75,annotator2,5.0
t3_nlwv75,annotator3,3.0
t3_nlwvnj,annotator1,5.0
t3_nlwvnj,annotator2,5.0
t3_nlwvnj,annotator3,4.0
t3_nlx7q5,annotator1,4.0
t3_nlx7q5,annotator2,5.0
t3_nlx7q5,annotator3,4.0
t3_nlx8fg,annotator1,5.0
t3_nlx8fg,annotator2,5.0
t3_nlx8fg,annotator3,3.0
t3_nlxbnl,annotator1,3.0
t3_nlxbnl,annotator2,2.0
t3_nlxbnl,annotator3,2.0
t3_nlxgvx,annotator1,4.0
t3_nlxgvx,annotator2,4.0
t3_nlxgvx,annotator3,4.0
t3_nlxig9,annotator1,4.0
t3_nlxig9,annotator2,2.0
t3_nlxig9,annotator3,4.0
t3_nlxjto,annotator1,1.0
t3_nlxjto,annotator2,1.0
t3_nlxjto,annotator3,1.0
t3_nlxw77,annotator1,4.0
t3_nlxw77,annotator2,4.0
t3_nlxw77,annotator3,4.0
t3_nmz9i7,annotator1,5.0
t3_nmz9i7,annotator2,4.0
t3_nmz9i7,annotator3,5.0
t3_nn327r,annotator1,4.0
t3_nn327r,annotator2,4.0
t3_nn327r,annotator3,5.0
t3_nn3mc9,annotator1,3.0
t3_nn3mc9,annotator2,4.0
t3_nn3mc9,annotator3,3.0
t3_nn3mf4,annotator1,4.0
t3_nn3mf4,annotator2,3.0
t3_nn3mf4,annotator3,4.0
t3_nn3ozk,annotator1,1.0
t3_nn3ozk,annotator2,3.0
t3_nn3ozk,annotator3,4.0
t3_nn3t2q,annotator1,3.0
t3_nn3t2q,annotator2,4.0
t3_nn3t2q,annotator3,4.0
t3_nn3zlf,annotator1,5.0
t3_nn3zlf,annotator2,4.0
t3_nn3zlf,annotator3,5.0
t3_nn48za,annotator1,1.0
t3_nn48za,annotator2,2.0
t3_nn48za,annotator3,2.0
t3_nn4bmn,annotator1,4.0
t3_nn4bmn,annotator2,4.0
t3_nn4bmn,annotator3,4.0
t3_nn4bsl,annotator1,4.0
t3_nn4bsl,annotator2,4.0
t3_nn4bsl,annotator3,4.0
t3_nn4ft5,annotator1,2.0
t3_nn4ft5,annotator2,2.0
t3_nn4ft5,annotator3,2.0
t3_nn4g2g,annotator1,4.0
t3_nn4g2g,annotator2,2.0
t3_nn4g2g,annotator3,4.0
t3_nn4gq3,annotator1,3.0
t3_nn4gq3,annotator2,4.0
t3_nn4gq3,annotator3,4.0
t3_nn4p4b,annotator1,5.0
t3_nn4p4b,annotator2,5.0
t3_nn4p4b,annotator3,5.0
t3_nn4uau,annotator1,3.0
t3_nn4uau,annotator2,3.0
t3_nn4uau,annotator3,4.0
t3_nn4wf6,annotator1,2.0
t3_nn4wf6,annotator2,2.0
t3_nn4wf6,annotator3,3.0
t3_nn4x9x,annotator1,4.0
t3_nn4x9x,annotator2,2.0
t3_nn4x9x,annotator3,4.0
t3_nn4yw8,annotator1,3.0
t3_nn4yw8,annotator2,2.0
t3_nn4yw8,annotator3,2.0
t3_nn502z,annotator1,2.0
t3_nn502z,annotator2,5.0
t3_nn502z,annotator3,5.0
t3_nn5dkf,annotator1,4.0
t3_nn5dkf,annotator2,4.0
t3_nn5dkf,annotator3,3.0
t3_nn5g4y,annotator1,5.0
t3_nn5g4y,annotator2,5.0
t3_nn5g4y,annotator3,5.0
t3_nn5tz8,annotator1,5.0
t3_nn5tz8,annotator2,2.0
t3_nn5tz8,annotator3,4.0
t3_nn65wu,annotator1,5.0
t3_nn65wu,annotator2,5.0
t3_nn65wu,annotator3,3.0
t3_nn6boj,annotator1,4.0
t3_nn6boj,annotator2,4.0
t3_nn6boj,annotator3,3.0
t3_no5tmy,annotator1,1.0
t3_no5tmy,annotator2,2.0
t3_no5tmy,annotator3,3.0
t3_no84tc,annotator1,3.0
t3_no84tc,annotator2,4.0
t3_no84tc,annotator3,3.0
t3_no9wir,annotator1,4.0
t3_no9wir,annotator2,3.0
t3_no9wir,annotator3,4.0
t3_noa259,annotator1,3.0
t3_noa259,annotator2,4.0
t3_noa259,annotator3,4.0
t3_noa2dx,annotator1,3.0
t3_noa2dx,annotator2,3.0
t3_noa2dx,annotator3,3.0
t3_noaaxd,annotator1,2.0
t3_noaaxd,annotator2,4.0
t3_noaaxd,annotator3,2.0
t3_noaen1,annotator1,3.0
t3_noaen1,annotator2,3.0
t3_noaen1,annotator3,2.0
t3_noashh,annotator1,3.0
t3_noashh,annotator2,4.0
t3_noashh,annotator3,4.0
t3_nob1j0,annotator1,3.0
t3_nob1j0,annotator2,4.0
t3_nob1j0,annotator3,4.0
t3_nob38t,annotator1,4.0
t3_nob38t,annotator2,4.0
t3_nob38t,annotator3,4.0
t3_nob6f8,annotator1,4.0
t3_nob6f8,annotator2,4.0
t3_nob6f8,annotator3,4.0
t3_nobik4,annotator1,4.0
t3_nobik4,annotator2,3.0
t3_nobik4,annotator3,4.0
t3_nobohd,annotator1,3.0
t3_nobohd,annotator2,3.0
t3_nobohd,annotator3,2.0
t3_nobrza,annotator1,4.0
t3_nobrza,annotator2,3.0
t3_nobrza,annotator3,3.0
t3_nobsk0,annotator1,4.0
t3_nobsk0,annotator2,4.0
t3_nobsk0,annotator3,4.0
t3_nocj11,annotator1,4.0
t3_nocj11,annotator2,3.0
t3_nocj11,annotator3,3.0
t3_nocjq7,annotator1,1.0
t3_nocjq7,annotator2,1.0
t3_nocjq7,annotator3,2.0
t3_nockdv,annotator1,1.0
t3_nockdv,annotator2,2.0
t3_nockdv,annotator3,2.0
t3_nocmdz,annotator1,2.0
t3_nocmdz,annotator2,1.0
t3_nocmdz,annotator3,2.0
t3_nocnhn,annotator1,4.0
t3_nocnhn,annotator2,4.0
t3_nocnhn,annotator3,4.0
t3_nocpfa,annotator1,4.0
t3_nocpfa,annotator2,4.0
t3_nocpfa,annotator3,3.0
t3_nocuxa,annotator1,3.0
t3_nocuxa,annotator2,3.0
t3_nocuxa,annotator3,3.0
t3_nod25r,annotator1,4.0
t3_nod25r,annotator2,4.0
t3_nod25r,annotator3,4.0
t3_nodm20,annotator1,2.0
t3_nodm20,annotator2,1.0
t3_nodm20,annotator3,2.0
